{
    "results": [
      {
        "command": "bundle",
        "mean": 100.886,
        "stddev": 0.9244259108916604,
        "median": 46.86905585812,
        "user": 46.112296040000004,
        "system": 0.6567771399999999,
        "min": 46.09298039962,
        "max": 49.201509892619995,
        "times": [
          46.95129272762,
          46.78681898862,
          46.53608293662,
          47.27910141562,
          47.401653528619995,
          47.11316629062,
          49.201509892619995,
          46.12175666062,
          46.09298039962,
          46.13401872462
        ],
        "exit_codes": [
          0,
          0,
          0,
          0,
          0,
          0,
          0,
          0,
          0,
          0
        ]
      },
      {
        "command": "bundle (Rust)",
        "mean": 45.202,
        "stddev": 0.07304002004441604,
        "median": 1.20669510662,
        "user": 0.7386224399999999,
        "system": 0.7236489399999999,
        "min": 1.13760174162,
        "max": 1.38292478962,
        "times": [
          1.14803052762,
          1.24146752362,
          1.16355663462,
          1.26765603662,
          1.2530461426200001,
          1.20156649162,
          1.38292478962,
          1.17398729762,
          1.21182372162,
          1.13760174162
        ],
        "exit_codes": [
          0,
          0,
          0,
          0,
          0,
          0,
          0,
          0,
          0,
          0
        ]
      }
    ]
  }
  